id,Chlorophyll,Temp
1,1.06349707,26.7250004
2,2.93894339,27.0375004
3,1.19208646,27.3500004
4,-32767,28.2875004
5,1.82713246,-9999
6,2.70455241,27.1625004
7,2.20700979,-9999
8,1.34650397,26.1625004
9,-32767,26.1000004
10,1.44309926,25.7250004
11,1.28110421,26.2250004
12,0.565490544,-9999
13,1.00993907,26.7875004
14,-32767,-9999
15,1.52859962,26.7875004
16,0.886889338,26.3500004
17,1.36552215,27.1625004
18,1.25586236,27.1625004
19,1.19407678,27.8500004
20,0.196624726,-9999
21,1.48034906,-9999
22,1.08108437,-9999
23,2.89711833,25.9750004
24,-32767,-9999
25,1.26696324,26.2875004
26,0.862663567,-9999
27,1.25778866,26.6000004
28,0.206481323,-9999
29,-32767,-9999
30,-32767,26.1625004
31,-32767,24.4750004
32,-32767,26.6625004
33,1.74571407,26.4750004
34,0.902277768,25.2875004
35,-32767,-9999
36,-32767,24.6625004
37,-32767,-9999
38,-32767,-9999
39,-32767,-9999
40,0.263114244,-9999
41,0.241603792,27.4125004
42,-32767,-9999
43,1.57249689,26.4750004
44,-32767,-9999
45,-32767,25.9125004
46,1.22973049,24.6000004
47,0.853294611,24.3500004
48,1.39484322,25.6000004
49,1.19053423,26.1000004
50,1.67318022,25.7250004
51,2.00551653,-9999
52,1.78331387,22.3500004
53,1.6076386,-9999
54,1.34544277,24.0375004
55,1.18092167,26.2250004
56,3.35773969,26.6000004
57,3.47310209,25.1625004
58,2.20623708,-9999
59,2.50591612,24.6625004
60,2.22041988,-9999
61,1.45355618,24.4125004
62,1.36510599,24.9125004
63,1.86637402,25.4750004
64,1.43306661,25.3500004
65,1.47911108,24.2250004
66,1.35629237,23.9125004
67,0.973622739,-9999
68,1.44473159,24.3500004
69,0.905351937,-9999
70,1.2001518,24.6625004
71,1.29492724,23.4125004
72,1.04221797,24.6625004
73,-32767,24.2875004
74,1.68456042,-9999
75,1.43325114,23.2875004
76,-32767,-9999
77,-32767,23.4750004
78,0.282864064,25.2875004
79,-32767,24.7250004
80,-32767,25.7875004
81,0.248331591,26.2875004
82,0.454186469,24.4125004
83,0.573273897,-9999
84,1.58186114,24.4750004
85,-32767,-9999
86,-32767,24.7250004
87,-32767,24.6000004
88,0.590643227,24.2250004
89,-32767,24.7250004
90,1.34853947,-9999
91,-32767,23.9125004
92,1.53154993,-9999
93,1.53339958,24.2250004
94,1.10008776,25.2875004
95,1.01026905,24.2875004
96,1.54507017,25.1625004
97,-32767,24.1625004
98,2.04344344,24.1000004
99,1.50133824,-9999
100,1.50836289,-9999
101,1.37877214,-9999
102,1.85928631,23.9125004
103,1.36580336,23.6625004
104,0.892063081,23.9125004
105,1.49389744,23.2875004
106,1.14961076,-9999
107,1.10236764,23.6625004
108,1.75236464,-9999
109,1.27022684,24.2250004
110,1.23245037,25.6000004
111,1.00941992,24.6625004
112,0.855071247,25.3500004
113,0.748262048,24.6000004
114,0.783497989,24.8500004
115,1.20978117,-9999
116,0.32100603,24.7875004
117,1.53156722,-9999
118,1.24294806,24.4125004
119,1.17016292,25.4750004
120,0.38225323,24.6000004
121,-32767,26.0375004
122,0.239968926,-9999
123,1.19879496,24.1000004
124,-32767,-9999
125,-32767,24.2875004
126,2.54727149,25.1000004
127,-32767,24.8500004
128,-32767,25.2250004
129,-32767,25.6625004
130,0.665786505,24.9125004
131,1.6376909,-9999
132,8.63856983,24.8500004
133,-32767,-9999
134,3.19640231,26.1000004
135,0.303536713,26.3500004
136,1.35290027,25.7250004
137,-32767,25.5375004
138,6.92696571,-9999
139,2.74727583,25.1625004
140,0.967576861,-9999
141,3.38975,25.1625004
142,-32767,25.9125004
143,-32767,25.2875004
144,2.83952427,26.5375004
145,1.51513922,25.6000004
146,1.98870695,25.7875004
147,2.25200486,-9999
148,2.71240664,25.5375004
149,2.66411829,-9999
150,1.57717359,26.1000004
151,1.53308725,27.0375004
152,1.75662744,26.6625004
153,1.34916139,26.6625004
154,1.17822194,-9999
155,2.31374454,26.4125004
156,1.95940101,-9999
157,1.4785856,25.6000004
158,1.50419128,26.2875004
159,1.38809586,26.0375004
160,1.23767734,26.1000004
161,0.544927955,27.0375004
162,-32767,26.2250004
163,1.1164254,-9999
164,1.03056753,27.0375004
165,-32767,-9999
166,1.63641667,26.4750004
167,-32767,26.4125004
168,-32767,26.2250004
169,0.941165268,26.9125004
170,-32767,-9999
171,0.313673913,26.5375004
172,0.669359982,-9999
173,-32767,26.7250004
174,0.658233881,27.8500004
175,-32767,26.6000004
176,-32767,26.5375004
177,-32767,26.3500004
178,-32767,27.1000004
179,2.82002425,-9999
180,-32767,27.9750004
181,1.57310915,-9999
182,1.08391917,28.2875004
183,-32767,29.5375004
184,3.92736983,28.7875004
185,1.58790135,27.9750004
186,1.43472779,-9999
187,1.83657682,27.5375004
188,-32767,-9999
189,3.31061983,27.9750004
190,2.86673903,26.9750004
191,2.34208632,27.1625004
192,2.38225412,27.9125004
193,1.2627368,27.8500004
194,1.03285646,28.4750004
195,-32767,-9999
196,1.81598747,27.8500004
197,1.34074092,-9999
198,1.60189867,28.2250004
199,1.59988177,29.4125004
200,1.35150862,27.2250004
201,1.32180488,27.8500004
202,1.27641714,-9999
203,1.26826644,28.2250004
204,0.934245586,-9999
205,2.1384697,28.2875004
206,1.46833742,28.6625004
207,-32767,28.6000004
208,1.39085662,29.1625004
209,1.78515828,26.4125004
210,1.03790629,28.2875004
211,0.653506994,-9999
212,-32767,29.0375004
213,1.64508736,-9999
214,1.38468313,29.2250004
215,0.880164087,29.7875004
216,1.03758657,28.4125004
217,1.2424705,29.6625004
218,3.08220267,-9999
219,-32767,28.9125004
220,-32767,-9999
221,-32767,27.0375004
222,-32767,-9999
223,1.8333329,-9999
224,-32767,-9999
225,3.14469552,-9999
226,1.20092213,27.7875004
227,2.1276443,-9999
228,2.75090623,31.3500004
229,-32767,-9999
230,1.56694281,30.3500004
231,-32767,30.6000004
232,4.12967682,29.2250004
233,1.8061291,29.6000004
234,-32767,-9999
235,1.70301926,30.4125004
236,2.3440733,-9999
237,1.51493168,30.3500004
238,1.53856862,30.9750004
239,0.303608447,29.9125004
240,-32767,30.5375004
241,2.32859874,28.7875004
242,1.6122762,29.8500004
243,2.53252149,-9999
244,2.51072812,29.7250004
245,1.24815702,-9999
246,0.32922104,29.7875004
247,1.53028691,29.9750004
248,2.08709288,30.1625004
249,1.11693573,30.5375004
250,1.56351495,-9999
251,1.09512031,30.3500004
252,1.25009358,-9999
253,1.24854529,29.0375004
254,1.10491765,-9999
255,1.21971369,-9999
256,-32767,27.9750004
257,-32767,28.2250004
258,-32767,28.7875004
259,-32767,-9999
260,0.672564507,28.1625004
261,-32767,-9999
262,1.25834119,28.7875004
263,-32767,-9999
264,-32767,28.1625004
265,-32767,27.7250004
266,-32767,-9999
267,-32767,28.6000004
268,0.974891722,-9999
269,-32767,27.1625004
270,-32767,28.1625004
271,6.25899649,27.9750004
272,-32767,27.4750004
273,1.89382279,-9999
274,0.17980893,-9999
275,2.22800303,-9999
276,-32767,26.2250004
277,2.63959861,-9999
278,0.915018439,28.0375004
279,1.4591589,28.2250004
280,1.9371196,-9999
281,0.883315027,-9999
282,0.857471406,-9999
283,1.63728297,28.1000004
284,3.11212182,-9999
285,14.0353642,27.9750004
286,1.98663116,-9999
287,1.14001012,26.9125004
288,1.39593494,27.7875004
289,1.22483969,-9999
290,2.00786138,27.4125004
291,1.21599746,-9999
292,1.09429049,27.3500004
293,-32767,-9999
294,0.209773466,27.6000004
295,0.911430657,27.6000004
296,-32767,27.8500004
297,0.300654531,-9999
298,-32767,-9999
299,0.807573438,28.1000004
300,1.93281555,-9999
301,1.14599538,27.0375004
302,-32767,-9999
303,-32767,-9999
304,-32767,27.5375004
305,-32767,27.2250004
306,-32767,27.9125004
307,-32767,-9999
308,0.863544822,27.2875004
309,0.151744559,-9999
310,1.36595607,27.7875004
311,0.651955903,28.0375004
312,-32767,26.7250004
313,-32767,28.4125004
314,-32767,-9999
315,-32767,28.5375004
316,-32767,-9999
317,3.31093311,28.1625004
318,-32767,28.1000004
319,3.89302492,28.0375004
320,2.64280057,28.6625004
321,1.65212536,-9999
322,1.82888997,-9999
323,3.15501761,-9999
324,10.0542936,-9999
325,1.86415517,-9999
326,1.22140574,27.9125004
327,-32767,27.3500004
328,1.16172409,27.4750004
329,1.22996795,26.5375004
330,1.17662179,-9999
331,1.99006534,27.1000004
332,1.61540377,-9999
333,1.83377695,28.4125004
334,-32767,27.6625004
335,0.733623683,27.7250004
336,1.38054526,27.8500004
337,1.10218859,26.9750004
338,1.50619709,26.8500004
339,1.09901249,-9999
340,1.30175042,27.3500004
341,0.907364666,-9999
342,1.60982394,28.1625004
343,0.266701311,28.9750004
344,-32767,28.2875004
345,-32767,27.6625004
346,-32767,-9999
347,-32767,28.1625004
348,2.07412004,-9999
349,1.04336965,27.4125004
350,-32767,27.4750004
351,-32767,27.2875004
352,-32767,27.3500004
353,-32767,26.8500004
354,-32767,27.7250004
355,0.298662096,-9999
356,-32767,27.4125004
357,1.86141586,-9999
358,-32767,26.5375004
359,0.521314085,26.8500004
360,-32767,26.7250004
361,-32767,27.9750004
362,-32767,-9999
363,0.295646787,28.2875004
364,4.28150463,-9999
365,-32767,28.0375004
366,-32767,26.9750004
367,1.28625333,26.6000004
368,3.0240953,-9999
369,-32767,-9999
370,-32767,27.1625004
371,1.74482381,-9999
372,-32767,27.9125004
373,2.98637605,-9999
374,2.90582776,27.7250004
375,3.18370557,27.2250004
376,1.06262481,28.3500004
377,2.1697073,27.5375004
378,1.79008961,-9999
379,2.29286861,25.3500004
380,1.94525516,-9999
381,-32767,26.8500004
382,2.07122898,-9999
383,1.56895375,25.7250004
384,1.84344268,26.8500004
385,2.130054,26.5375004
386,1.37635422,26.2875004
387,1.02245331,-9999
388,1.60370505,27.2875004
389,1.01583254,-9999
390,1.15317535,27.1625004
391,0.840913355,24.3500004
392,-32767,-9999
393,0.807169855,25.2250004
394,1.42091835,25.9125004
395,1.72091079,24.4750004
396,-32767,25.7875004
397,-32767,25.7875004
398,-32767,25.2875004
399,-32767,-9999
400,1.34244311,24.9125004
401,-32767,-9999
402,-32767,24.7250004
403,-32767,25.1625004
404,0.777029335,24.2875004
405,1.03361058,25.1625004
406,-32767,-9999
407,0.890340567,24.4125004
408,-32767,-9999
409,-32767,24.2250004
410,0.331791013,25.4125004
411,-32767,24.8500004
412,-32767,24.7250004
413,-32767,24.0375004
414,0.799880207,24.9125004
415,0.611168087,-9999
416,1.90456045,24.4750004
417,0.43805939,-9999
418,2.41273808,-9999
419,2.26383305,-9999
420,1.25514805,24.2875004
421,1.29912519,24.7250004
422,2.98042512,-9999
423,-32767,24.0375004
424,1.52167881,-9999
425,1.90811861,23.4125004
426,2.49424839,23.8500004
427,1.59157693,23.9125004
428,1.87222481,23.9750004
429,1.33866227,24.2875004
430,1.22625899,24.7250004
431,1.43783569,-9999
432,1.01654828,24.3500004
433,0.940844238,-9999
434,0.89954561,23.0375004
435,-32767,23.3500004
436,0.215352103,23.7875004
437,0.201737344,22.6000004
438,-32767,-9999
439,0.899675488,22.9750004
440,4.04324961,-9999
441,1.10068381,23.7875004
442,-32767,23.0375004
443,-32767,23.4750004
444,-32767,23.2250004
445,-32767,23.3500004
446,1.4013592,23.7250004
447,-32767,-9999
448,1.01066351,23.1000004
449,3.19192195,-9999
450,-32767,23.9125004
451,2.2266376,24.7250004
452,-32767,23.8500004
453,-32767,24.6625004
454,-32767,-9999
455,1.07236898,23.9125004
456,1.72530437,-9999
457,0.562181234,24.1625004
458,-32767,23.9125004
459,1.95393944,24.9750004
460,-32767,25.0375004
461,1.00703537,25.5375004
462,1.6140964,25.1625004
463,1.68032205,-9999
464,0.650277615,25.0375004
465,2.62154841,-9999
466,2.12195802,24.9750004
467,1.83235049,25.7250004
468,-32767,25.2250004
469,2.09108996,24.9750004
470,1.56651688,-9999
471,1.68660533,25.4750004
472,-32767,-9999
473,0.821157038,24.6000004
474,1.37116635,24.2875004
475,1.61977351,24.4125004
476,2.99301982,25.0375004
477,1.082654,23.4750004
478,0.191890791,24.1625004
479,0.972560644,-9999
480,1.11090302,23.8500004
481,1.45797217,-9999
482,0.477207541,24.2875004
483,0.642431378,25.2875004
484,-32767,23.9750004
485,0.950315833,24.7250004
486,-32767,-9999
487,1.32844639,25.6625004
488,-32767,-9999
489,-32767,25.3500004
490,-32767,25.4125004
491,-32767,24.3500004
492,0.556843102,25.2875004
493,-32767,24.7250004
494,1.32228422,24.6000004
495,0.817974806,-9999
496,-32767,25.4125004
497,-32767,-9999
498,-32767,26.4125004
499,-32767,26.1000004
500,-32767,25.7250004
501,-32767,25.4125004
502,0.3437801,-9999
503,1.49567437,24.7875004
504,1.10022116,-9999
505,2.50349021,24.7250004
506,2.63667965,26.2250004
507,1.83927226,26.1625004
508,0.965629101,26.7875004
509,0.810173333,26.1000004
510,5.83931351,27.2875004
511,4.85876656,-9999
512,-32767,26.9750004
513,1.19793355,-9999
514,3.66128397,27.1625004
515,3.67615008,27.6625004
516,2.20640707,27.9125004
517,1.53023303,26.7250004
518,1.78696465,-9999
519,2.04410386,25.9750004
520,1.4893533,-9999
521,1.0436089,27.0375004
522,1.50916779,26.9750004
523,1.67281723,26.8500004
524,-32767,27.5375004
525,1.12205899,26.9750004
526,0.745493591,27.2250004
527,1.18014467,-9999
528,0.970537126,26.8500004
529,0.513965249,-9999
530,-32767,27.2250004
531,-32767,26.5375004
532,0.664650619,25.9125004
533,-32767,27.2250004
534,1.62840784,-9999
535,0.181022659,28.1000004
536,-32767,-9999
537,-32767,28.1000004
538,-32767,28.8500004
539,0.894922435,28.4125004
540,-32767,29.2875004
541,-32767,28.1000004
542,-32767,29.4125004
543,-32767,-9999
544,2.50565553,29.6625004
545,0.915612936,-9999
546,-32767,27.4125004
547,1.00079811,28.1000004
548,1.61068165,27.6625004
549,2.15418386,28.2875004
550,1.86923385,-9999
551,-32767,27.1000004
552,1.17670262,-9999
553,0.217351496,28.1625004
554,-32767,28.7875004
555,1.15142918,27.9125004
556,1.65546346,29.1625004
557,-32767,28.1000004
558,1.43144286,29.1625004
559,1.28814936,-9999
560,0.812924743,-9999
561,1.4484117,-9999
562,2.10588765,27.6625004
563,-32767,28.1000004
564,2.1390748,27.6625004
565,2.11497998,28.4125004
566,1.36610162,-9999
567,1.33171058,29.1625004
568,1.77399242,-9999
569,1.67455411,30.0375004
570,1.65803552,28.1000004
571,1.41100442,28.4125004
572,1.18087268,28.7875004
573,0.614303768,-9999
574,0.559571862,28.7250004
575,-32767,-9999
576,0.348884732,28.7875004
577,0.724846542,-9999
578,0.865479708,28.7250004
579,-32767,29.4125004
580,1.42328942,28.3500004
581,0.237738296,28.7875004
582,0.836922586,-9999
583,-32767,28.7250004
584,-32767,-9999
585,-32767,28.1625004
586,-32767,28.5375004
587,3.40495133,27.9750004
588,-32767,28.7250004
589,-32767,26.8500004
590,5.24667025,29.2875004
591,-32767,-9999
592,-32767,29.0375004
593,0.706593812,-9999
594,0.829739928,27.9750004
595,16.610281,26.6000004
596,-32767,27.6625004
597,-32767,27.7875004
598,1.22378433,-9999
599,1.37295675,-9999
600,-32767,-9999
601,1.05151343,28.2875004
602,0.425673783,28.1625004
603,0.909510076,28.2875004
604,-32767,27.7875004
605,2.24997401,26.3500004
606,2.03265834,28.4125004
607,1.93287528,-9999
608,1.11964715,28.1000004
609,1.045066,-9999
610,1.69511211,27.9750004
611,1.30558336,28.6000004
612,1.19281328,28.4750004
613,0.822562635,28.9750004
614,1.09464371,-9999
615,1.17278707,28.6625004
616,1.13610435,-9999
617,1.20523965,27.1625004
618,-32767,27.4750004
619,1.22619534,26.7875004
620,0.900409281,-9999
621,-32767,27.2875004
622,-32767,28.9125004
623,1.45524168,-9999
624,1.06597698,28.1000004
625,0.598238111,-9999
626,1.20929301,27.2250004
627,1.24466145,27.9125004
628,-32767,27.6625004
629,-32767,-9999
630,-32767,-9999
631,1.04558098,-9999
632,1.34635031,-9999
633,-32767,27.7250004
634,-32767,27.8500004
635,2.68448353,28.2875004
636,1.76954675,28.6000004
637,0.536267698,27.9750004
638,-32767,28.2875004
639,0.692090333,-9999
640,0.379238516,26.4750004
641,1.22988033,-9999
642,0.152097419,27.7875004
643,0.543515205,28.1000004
644,0.889272094,-9999
645,1.89898062,26.6625004
646,1.04897583,-9999
647,1.06673419,27.3500004
648,0.582019866,-9999
649,1.47579861,26.9750004
650,-32767,-9999
651,1.7800355,-9999
652,1.83268249,-9999
653,1.58830369,28.0375004
654,3.31378174,28.3500004
655,2.10104394,-9999
656,0.299922645,28.1625004
657,1.48172736,-9999
658,1.31246483,27.8500004
659,1.86637497,28.5375004
660,1.85106421,26.6000004
661,1.15602875,27.5375004
662,0.859705389,-9999
663,1.57121921,27.7250004
664,1.07042801,-9999
665,0.158132061,28.2875004
666,-32767,28.1000004
667,-32767,27.6625004
668,-32767,27.7250004
669,-32767,26.7250004
670,-32767,27.7875004
671,-32767,-9999
672,1.55934894,28.1000004
673,1.09952676,-9999
674,-32767,28.2250004
675,-32767,28.7250004
676,0.347507536,28.2250004
677,1.02854931,28.7875004
678,-32767,-9999
679,-32767,28.2250004
680,-32767,-9999
681,-32767,28.0375004
682,-32767,27.4750004
683,1.30665541,27.3500004
684,-32767,27.4125004
685,0.391825438,26.7875004
686,-32767,27.2250004
687,0.865276754,-9999
688,1.59663892,-9999
689,0.143851429,-9999
690,1.85279965,26.7250004
691,0.728312135,27.6000004
692,-32767,27.5375004
693,-32767,27.8500004
694,2.30081582,-9999
695,1.27514005,28.0375004
696,1.25355053,-9999
697,0.934400856,26.7875004
698,1.76662946,26.7875004
699,0.871536434,26.5375004
700,0.961310029,27.8500004
701,1.38753963,26.6000004
702,2.48920536,27.7875004
703,-32767,-9999
704,0.932584345,27.2250004
705,1.23513675,-9999
706,1.23308134,27.6625004
707,0.162173346,27.4750004
708,1.08415318,27.4125004
709,0.83699739,27.4750004
710,0.217287183,-9999
711,-32767,26.1625004
712,-32767,-9999
713,1.02918339,27.2875004
714,-32767,27.1625004
715,-32767,27.4750004
716,-32767,27.4750004
717,-32767,-9999
718,-32767,27.6625004
719,-32767,-9999
720,-32767,27.2875004
721,-32767,-9999
722,1.22531545,26.7250004
723,0.653174818,26.6000004
724,-32767,26.8500004
725,-32767,27.0375004
726,-32767,-9999
727,-32767,26.4125004
728,-32767,-9999
729,-32767,26.2250004
730,-32767,26.4750004
731,2.01300764,26.3500004
732,1.85441613,26.6625004
733,0.277210712,26.9750004
734,2.03396416,25.9750004
735,1.95499957,-9999
736,-32767,25.9750004
737,-32767,-9999
738,1.60966706,-9999
739,1.13786292,24.2250004
740,-32767,24.2250004
741,1.93926752,25.6000004
742,1.32317448,-9999
743,0.471963763,25.4125004
744,-32767,-9999
745,-32767,25.2875004
746,1.44218671,-9999
747,1.6107887,-9999
748,-32767,26.4125004
749,1.3685509,26.9750004
750,-32767,25.7250004
751,-32767,-9999
752,1.36991894,25.3500004
753,1.1554178,-9999
754,1.02057719,25.2250004
755,1.45884216,26.1625004
756,1.17562652,26.1625004
757,1.30601501,25.4125004
758,-32767,-9999
759,1.06101811,24.6625004
760,1.20530748,-9999
761,0.747839749,25.4125004
762,-32767,25.2250004
763,-32767,24.7875004
764,-32767,25.1000004
765,-32767,25.2250004
766,-32767,25.0375004
767,1.19833493,-9999
768,-32767,24.2875004
769,1.33649027,-9999
770,0.56807524,23.5375004
771,1.12974167,24.3500004
772,0.561096728,24.6000004
773,-32767,24.0375004
774,-32767,-9999
775,-32767,23.2875004
776,-32767,-9999
777,1.90973699,24.1000004
778,1.78058231,24.4125004
779,5.37773418,23.8500004
780,3.73923779,24.7875004
781,3.3562119,23.7250004
782,3.84229398,24.1625004
783,-32767,-9999
784,5.28367519,23.8500004
785,3.74895334,-9999
786,1.19586086,23.7250004
787,1.11844563,24.0375004
788,2.11468434,23.4750004
789,2.00131083,24.2875004
790,1.98024094,-9999
791,1.23362291,24.0375004
792,1.42710304,-9999
793,-32767,24.3500004
794,1.3467803,24.7250004
795,1.50210464,23.6625004
796,1.58570349,23.6625004
797,1.25543237,23.9125004
798,1.50955701,24.2875004
799,1.03201902,-9999
800,0.330312699,22.5375004
801,1.15975893,-9999
802,0.919830322,23.1625004
803,0.891755521,23.6000004
804,-32767,23.6625004
805,1.80234671,23.2250004
806,1.48818731,-9999
807,-32767,24.9750004
808,0.367952853,-9999
809,1.40916324,24.0375004
810,-32767,24.8500004
811,-32767,22.9125004
812,1.33624434,24.1000004
813,0.153104812,24.2250004
814,-32767,24.0375004
815,-32767,-9999
816,0.698938608,23.9125004
817,-32767,-9999
818,6.74198961,24.1000004
819,0.977199793,24.6625004
820,1.87061822,24.4125004
821,-32767,-9999
822,-32767,-9999
823,1.97502053,24.2250004
824,2.5335176,-9999
825,2.45714021,24.4125004
826,0.388267577,24.7875004
827,-32767,24.6625004
828,-32767,24.1625004
829,-32767,23.4750004
830,-32767,24.4125004
831,6.9131546,-9999
832,-32767,24.4750004
833,2.92464232,-9999
834,1.86186588,24.2250004
835,2.6871767,24.2250004
836,2.73173571,23.8500004
837,1.28582752,24.6000004
838,-32767,-9999
839,2.24519682,24.2250004
840,1.38993001,-9999
841,2.13751054,24.9125004
842,1.491714,25.9750004
843,1.22398901,24.3500004
844,1.60167968,26.1625004
845,1.85571015,25.4125004
846,1.67159927,25.9750004
847,1.1733017,-9999
848,1.15705466,25.8500004
849,1.06697202,-9999
850,-32767,25.7875004
851,0.893857121,24.6625004
852,1.057374,24.6000004
853,-32767,24.4125004
854,1.36516321,-9999
855,1.1798166,25.3500004
856,1.53531587,-9999
857,-32767,26.2250004
858,0.890979826,26.6625004
859,0.567487001,25.7250004
860,1.80861926,26.2250004
861,-32767,25.9125004
862,0.659333944,25.7875004
863,1.31557727,-9999
864,3.81817341,25.8500004
865,-32767,-9999
866,1.23908842,25.4750004
867,0.202255681,25.6625004
868,1.73788118,24.7250004
869,-32767,25.8500004
870,0.222873628,-9999
871,-32767,26.4750004
872,4.13572359,-9999
873,3.97876406,24.2875004
874,3.29355717,26.1625004
875,-32767,25.3500004
876,1.50097048,27.0375004
877,-32767,27.1000004
878,2.8195591,26.3500004
879,2.0059855,-9999
880,-32767,27.3500004
881,2.63723803,-9999
882,2.13237333,26.7250004
883,1.96300483,27.7875004
884,0.902130306,26.6625004
885,1.96695316,27.7250004
886,0.738046348,-9999
887,0.545496941,26.9125004
888,0.552766979,-9999
889,1.31440544,26.9125004
890,0.474383265,28.7250004
891,0.809705079,27.6000004
892,1.25166285,27.2875004
893,1.81435537,27.2250004
894,1.24344134,26.8500004
895,1.15617919,-9999
896,1.25183368,26.6000004
897,1.02950203,-9999
898,1.28588986,26.9750004
899,0.206481323,27.1000004
900,1.66127157,26.3500004
901,-32767,27.1625004
902,0.263578355,-9999
903,1.40598905,27.8500004
904,1.43934405,-9999
905,1.744452,27.6000004
906,2.7306819,27.6625004
907,1.91527843,27.1000004
908,1.51387954,28.0375004
909,1.2369504,26.2875004
910,1.5417949,27.1625004
911,1.50872529,-9999
912,0.262878656,27.9750004
913,1.50395024,-9999
914,0.590643227,27.7875004
915,1.49714959,27.8500004
916,1.51007962,26.4750004
917,1.62492609,27.2250004
918,1.58255088,-9999
919,1.40577328,28.8500004
920,1.18567824,-9999
921,0.936050236,27.7875004
922,1.48761439,28.0375004
923,0.740468383,27.7250004
924,2.54727149,26.4125004
925,0.887468517,27.7875004
926,3.06583142,27.6625004
927,6.43352509,-9999
928,3.31898904,29.0375004
929,2.60096526,-9999
930,2.17898655,28.9125004
931,1.48178101,30.1000004
932,1.78842163,29.1625004
933,1.31921065,29.7250004
934,1.09354007,-9999
935,1.14251447,28.9750004
936,0.589341879,-9999
937,0.658233881,29.2250004
938,2.82002425,29.9750004
939,1.41340423,28.7250004
940,1.72555351,29.1000004
941,2.43518281,26.9750004
942,1.61417234,28.5375004
943,1.50304699,-9999
944,1.25422919,29.0375004
945,1.49588096,-9999
946,1.12480986,28.9125004
947,1.19494271,-9999
948,1.26244152,27.4125004
949,1.8333329,27.8500004
950,2.49123526,-9999
951,2.73687625,28.1000004
952,3.27045059,-9999
953,1.91019773,30.0375004
954,2.24313164,28.4125004
955,1.75710106,29.8500004
956,1.47715533,29.3500004
957,1.41743267,27.9750004
958,1.20856285,29.7250004
959,0.672564507,-9999
960,1.25834119,29.2875004
961,0.974891722,-9999
962,3.19485188,-9999
963,2.14240432,28.9125004
964,1.97193718,26.7875004
965,1.49595404,-9999
966,1.64449334,-9999
967,1.44460833,29.3500004
968,0.910070658,-9999
969,0.800314128,-9999
970,1.30554664,-9999
971,-32767,29.1625004
972,1.33009553,29.6000004
973,0.651955903,-9999
974,3.31677246,28.1625004
975,2.06126428,-9999
976,2.57544231,28.1000004
977,1.1807003,-9999
978,1.88617837,-9999
979,1.46411312,27.6000004
980,1.31253302,-9999
981,0.266701311,27.6625004
982,2.05504131,-9999
983,-32767,28.2875004
984,1.85831475,-9999
985,0.521314085,27.9750004
986,4.2155056,28.2250004
987,2.98436403,27.8500004
988,1.74482381,27.5375004
989,3.05563021,27.6625004
990,2.24285722,27.4750004
991,1.91421819,-9999
992,1.6071825,28.4125004
993,1.18384898,-9999
994,1.54574811,28.5375004
995,-32767,27.9125004
996,1.34244311,27.2875004
997,1.0267607,27.6625004
998,0.331791013,-9999
999,0.799880207,27.4125004
1000,1.4777596,-9999
1001,1.91398025,27.9125004
1002,1.72123814,28.4750004
1003,1.54428852,27.7250004
1004,0.968546152,-9999
1005,1.02131999,-9999
1006,1.07987559,-9999
1007,-32767,-9999
1008,1.4209547,-9999
1009,2.2266376,-9999
1010,1.06689191,27.6625004
1011,1.95393944,28.4125004
1012,1.40631211,27.3500004
1013,2.06082177,-9999
1014,1.81995308,-9999
1015,1.67922103,-9999
1016,1.13438654,-9999
1017,1.05123305,27.1000004
1018,1.02422082,27.9750004
1019,-32767,27.8500004
1020,1.27330136,28.0375004
1021,0.955423057,-9999
1022,1.37212443,27.8500004
1023,2.69077063,-9999
1024,1.83885372,28.1625004
1025,3.19168353,-9999
1026,1.68077278,27.7875004
1027,1.76656616,27.6000004
1028,1.36667538,27.1625004
1029,0.993858159,27.7875004
1030,0.664650619,-9999
1031,1.56784964,27.4125004
1032,0.894922435,-9999
1033,2.47473025,27.1625004
1034,1.21618807,27.7875004
1035,1.28183365,26.9750004
1036,1.30453074,27.6625004
1037,1.25149953,26.8500004
1038,1.62457144,28.1000004
1039,1.66289639,-9999
1040,1.42934608,28.4750004
1041,0.831999779,-9999
1042,0.899128795,27.6000004
1043,1.17002392,28.0375004
1044,-32767,28.1625004
1045,3.85400486,28.3500004
1046,0.758876681,-9999
1047,7.54987431,27.6625004
1048,1.04633486,-9999
1049,1.52239299,28.6000004
1050,1.40942299,27.9750004
1051,1.25697839,-9999
1052,1.14742339,26.6000004
1053,1.23378444,-9999
1054,1.47338462,-9999
1055,1.39730346,-9999
1056,1.20544672,27.7875004
1057,2.37873244,-9999
1058,0.726485193,27.5375004
1059,0.493099689,27.3500004
1060,1.16476703,26.9125004
1061,1.83700526,27.3500004
1062,2.03198671,-9999
1063,1.79017758,-9999
1064,1.35084331,-9999
1065,1.03692675,27.0375004
1066,-32767,28.0375004
1067,1.49413276,27.2250004
1068,0.462955534,27.7250004
1069,-32767,26.9125004
1070,1.0162226,27.9750004
1071,1.56071782,-9999
1072,1.75504279,27.2875004
1073,1.66608846,-9999
1074,1.64160073,26.7250004
1075,1.50032938,27.2250004
1076,1.17671549,27.2875004
1077,0.813353658,28.1000004
1078,1.02918339,-9999
1079,-32767,27.6000004
1080,1.22531545,-9999
1081,0.653174818,27.2250004
1082,2.01300764,27.1000004
1083,2.09324384,27.4125004
1084,1.37305295,26.9750004
1085,1.24930739,26.6000004
1086,1.13064015,25.8500004
1087,1.37381136,-9999
1088,1.27789009,26.6625004
1089,1.21932602,-9999
1090,1.15818572,26.9750004
1091,-32767,26.3500004
1092,1.29209423,26.0375004
1093,0.912832499,26.6000004
1094,1.90973699,-9999
1095,5.17129135,27.1625004
1096,4.27864742,-9999
1097,2.8025043,25.9750004
1098,1.99644387,25.8500004
1099,1.48368561,26.9125004
1100,1.19768286,26.7875004
1101,1.00830603,26.2250004
1102,1.61434889,26.8500004
1103,1.38619614,-9999
1104,1.33560979,26.6000004
1105,1.46308458,-9999
1106,1.87061822,27.1000004
1107,2.4115541,25.8500004
1108,-32767,25.9125004
1109,2.70236111,25.8500004
1110,2.25208211,-9999
1111,1.5657438,25.2875004
1112,1.74017549,-9999
1113,1.26181626,25.9125004
1114,0.940675139,-9999
1115,1.45328593,25.7875004
1116,0.86609751,26.6000004
1117,2.23944211,24.3500004
1118,1.53736174,24.2875004
1119,3.94451523,-9999
1120,2.68077016,23.6625004
1121,2.08136821,-9999
1122,2.41919446,23.9750004
1123,1.85372043,24.2875004
1124,1.16371453,24.3500004
